Team,Player,PP,XBH,BB,K,Line,H,OPS,Score
BAL,Ryan O'Hearn,13.799999999999999,4.705882352941181,3.1067961165048574,-18.8546255506608,1.9130434782608614,127.0,1.664,297.5
TEX,Mitch Garver,32.18,2.352941176470601,15.533980582524277,2.8193832599118873,6.782608695652169,91.0,1.889,284.6
NYM,Pete Alonso,13.799999999999999,7.058823529411772,9.70873786407767,2.9955947136563905,1.3913043478260785,67.0,2.0549999999999997,266.7
CHC,Seiya Suzuki,59.459999999999994,7.8431372549019684,-7.378640776699026,-6.696035242290755,7.999999999999997,86.0,1.64,241.5
TOR,D. Schneider,13.799999999999999,1.088453945710938e-14,8.932038834951465,28.017621145374445,8.173913043478258,62.0,1.448,220.7
LAD,J.D. Martinez,13.799999999999999,4.705882352941181,5.436893203883501,20.440528634361243,3.478260869565211,46.0,1.708,215.3
TEX,Corey Seager,66.88000000000001,8.627450980392165,-9.320388349514563,-1.585903083700442,9.217391304347824,102.0,1.169,205.5
BAL,G. Henderson,13.799999999999999,1.5686274509803937,-4.271844660194168,-8.458149779735681,-5.04347826086957,129.0,1.2000000000000002,204.6
HOU,Yordan Alvarez,13.799999999999999,7.058823529411772,8.932038834951454,-2.1145374449339225,3.999999999999994,45.0,1.75,203.5
TOR,V. Guerrero Jr.,13.799999999999999,3.9215686274509842,-12.038834951456312,-4.581497797356832,-1.043478260869566,107.0,1.291,193.8
TOR,Bo Bichette,13.799999999999999,14.90196078431373,-12.815533980582527,-3.876651982378858,7.652173913043476,88.0,1.264,188.7
BAL,Adam Frazier,13.799999999999999,2.3529411764705905,-11.650485436893206,-19.207048458149785,3.1304347826086887,96.0,1.664,184.7
TOR,G. Springer,13.799999999999999,13.333333333333336,4.271844660194179,1.5859030837004322,2.434782608695645,85.0,1.28,181.7
PHI,Kyle Schwarber,13.799999999999999,-0.784313725490186,33.398058252427184,14.625550660792957,-2.9565217391304373,29.0,1.605,180.9
LAD,Mookie Betts,13.799999999999999,9.411764705882351,12.427184466019419,-3.3480176211453774,7.652173913043476,72.0,1.19,179.6
ATL,Matt Olson,11.530000000000001,10.196078431372548,17.864077669902922,-2.9955947136563905,-2.2608695652173934,52.0,2.074,179.1
CHW,Yoan Moncada,13.799999999999999,1.5686274509803937,-5.0485436893203826,7.753303964757707,9.391304347826086,51.0,1.569,169.0
TOR,Brandon Belt,13.799999999999999,1.088453945710938e-14,16.310679611650492,20.440528634361243,9.043478260869565,83.0,1.264,168.7
LAD,F. Freeman,13.799999999999999,14.90196078431373,1.0778864316749093e-14,-3.7004405286343642,12.695652173913045,76.0,1.081,157.3
ATL,Matt Olson,30.7,8.627450980392155,9.320388349514571,-4.581497797356832,-2.7826086956521765,34.0,2.074,156.1
ATL,R. Acuna Jr.,40.64000000000001,7.8431372549019684,5.825242718446607,-13.568281938325994,-4.0000000000000036,80.0,1.297,151.4
TEX,Marcus Semien,27.53,11.764705882352942,-12.815533980582527,-5.991189427312771,3.8260869565217335,82.0,1.333,141.7
NYY,Aaron Judge,36.260000000000005,-0.784313725490186,23.68932038834953,14.977973568281943,0.5217391304347734,61.0,1.041,141.2
ATL,R. Acuna Jr.,46.75,6.274509803921575,-2.7184466019417393,-15.154185022026434,-4.521739130434787,75.0,1.297,137.0
TOR,Danny Jansen,13.799999999999999,4.705882352941181,13.592233009708742,2.2907488986784066,0.6956521739130441,71.0,1.448,135.7
LAD,Max Muncy,13.799999999999999,1.5686274509804046,19.41747572815535,11.629955947136565,-2.9565217391304373,55.0,1.161,132.1
SEA,J. Rodriguez,13.799999999999999,4.705882352941181,-6.990291262135919,1.4096916299559483,7.999999999999997,36.0,1.135,127.0
ARI,L. Gurriel Jr.,32.06999999999999,9.411764705882351,-13.592233009708742,-5.1101321585903134,4.521739130434777,58.0,1.3780000000000001,117.5
CHC,Yan Gomes,38.75,9.411764705882362,-19.805825242718434,-6.343612334801768,5.3913043478260825,75.0,1.139,116.6
CHC,C. Morel,32.18,2.352941176470601,-14.757281553398052,3.7004405286343545,-1.565217391304359,98.0,0.964,115.6
WAS,Keibert Ruiz,77.32,12.549019607843139,-21.359223300970864,-9.515418502202643,6.0869565217391255,49.0,,114.1
BAL,J. Westburg,13.799999999999999,-3.9215686274509736,-6.601941747572813,-5.991189427312771,2.434782608695645,33.0,1.639,113.7
LAD,Jason Heyward,13.799999999999999,4.705882352941181,-2.330097087378632,-5.286343612334807,0.6956521739130441,38.0,1.491,108.3
ATL,M. Harris II,32.7,11.764705882352942,-5.0485436893203826,-10.572687224669604,-1.9130434782608714,71.0,1.0899999999999999,106.7
PIT,Ke'Bryan Hayes,13.799999999999999,6.274509803921575,-14.757281553398062,-7.9295154185022,9.565217391304346,72.0,1.292,106.7
TOR,K. Kiermaier,13.799999999999999,1.5686274509804046,-10.097087378640778,8.810572687224669,-0.8695652173913051,58.0,1.193,103.9
CHW,Andrew Vaughn,13.799999999999999,1.5686274509803937,-19.41747572815534,1.5859030837004322,-0.6956521739130441,69.0,1.139,103.0
CHC,Cody Bellinger,61.839999999999996,12.549019607843139,-20.970873786407758,-16.035242290748904,5.565217391304344,47.0,1.138,102.4
NYM,Brandon Nimmo,13.799999999999999,4.705882352941181,16.310679611650492,1.585903083700442,5.217391304347822,41.0,1.385,100.9
NYM,DJ Stewart,13.799999999999999,0.7843137254902077,21.747572815533992,10.220264317180616,1.7391304347826004,65.0,0.889,100.3
HOU,Kyle Tucker,13.799999999999999,9.411764705882351,15.922330097087382,-3.7004405286343642,1.043478260869566,49.0,0.86,98.4
ARI,Tommy Pham,21.669999999999998,3.1372549019607874,6.601941747572813,-1.7621145374449452,6.782608695652169,49.0,1.137,97.1
PHI,Trea Turner,13.799999999999999,9.411764705882362,3.1067961165048574,12.511013215859032,2.2608695652173836,38.0,1.488,96.6
CHC,J. Candelario,40.050000000000004,1.5686274509804046,1.1650485436893323,-7.753303964757716,3.478260869565211,66.0,0.921,96.3
PIT,Bryan Reynolds,13.799999999999999,4.705882352941181,-1.1650485436893108,-4.405286343612339,10.782608695652174,44.0,1.229,94.5
BAL,A. Rutschman,13.799999999999999,0.7843137254901968,10.485436893203882,-20.969162995594726,3.1304347826086887,43.0,1.093,93.3
NYY,J. Dominguez,22.44,-8.627450980392155,-12.815533980582527,45.99118942731278,-1.73913043478262,25.0,1.325,93.1
BAL,Terrin Vavra,13.799999999999999,-5.490196078431367,-8.543689320388347,-3.171806167400874,7.130434782608692,75.0,1.664,92.0
BAL,A. Santander,13.799999999999999,0.0,1.1650485436893214,-14.977973568281943,-7.8260869565217455,65.0,1.33,91.2
BAL,Austin Hays,13.799999999999999,0.0,-7.7669902912621325,-7.9295154185022,-9.391304347826086,46.0,1.2570000000000001,91.1
TEX,Leody Taveras,10.890000000000002,10.196078431372548,-11.650485436893206,1.4096916299559483,6.434782608695648,52.0,1.314,91.0
TOR,Nathan Lukes,13.799999999999999,1.088453945710938e-14,-7.378640776699026,22.026431718061666,0.8695652173913051,49.0,1.193,89.3
HOU,Chas McCormick,13.799999999999999,8.627450980392165,4.660194174757286,9.691629955947135,4.173913043478255,23.0,1.5,88.6
LAD,Chris Taylor,13.799999999999999,3.1372549019607874,22.524271844660205,14.977973568281923,6.260869565217387,3.0,1.604,86.6
SEA,T. Hernandez,13.799999999999999,5.490196078431378,-10.485436893203882,16.211453744493397,16.69565217391305,14.0,1.146,84.2
ARI,Ketel Marte,19.519999999999996,0.7843137254902077,6.601941747572813,-8.458149779735681,0.6956521739130441,48.0,1.233,82.8
PHI,Bryce Harper,13.799999999999999,3.137254901960798,-4.660194174757276,16.211453744493397,6.434782608695648,45.0,0.762,81.2
CHC,Miguel Amaya,39.739999999999995,-1.568627450980383,-11.650485436893206,4.052863436123341,-2.2608695652174027,54.0,0.986,81.2
CHC,Mike Tauchman,31.130000000000003,4.705882352941181,-0.3883495145630964,-5.1101321585903134,8.52173913043478,47.0,0.928,79.7
BAL,Kyle Stowers,13.799999999999999,-3.1372549019607767,-10.097087378640778,14.801762114537448,-5.391304347826092,53.0,0.87,79.7
CHC,Ian Happ,31.32,6.274509803921575,-6.213592233009705,-7.753303964757716,4.521739130434777,63.0,0.873,79.6
HOU,Jose Altuve,13.799999999999999,8.627450980392165,2.7184466019417504,-6.696035242290745,-5.739130434782604,21.0,1.466,77.0
TEX,Josh Jung,21.74,3.9215686274509842,-13.203883495145632,9.691629955947135,12.869565217391306,42.0,,77.0
PHI,Alec Bohm,13.799999999999999,13.333333333333336,-6.213592233009705,-3.876651982378849,1.043478260869566,56.0,0.921,76.0
CHC,Dansby Swanson,36.36,5.490196078431378,-10.097087378640778,-8.986784140969162,3.999999999999994,49.0,1.001,75.8
CHW,Luis Robert,13.799999999999999,0.7843137254901968,-17.864077669902922,14.096916299559474,5.565217391304344,67.0,0.934,75.5
NYY,Gleyber Torres,35.449999999999996,3.9215686274509842,-5.43689320388349,3.7004405286343545,-3.1304347826087078,22.0,1.331,75.2
ATL,Eddie Rosario,-0.39000000000000057,6.274509803921575,-2.330097087378632,-1.7621145374449356,3.1304347826086887,51.0,1.313,73.4
PHI,J.T. Realmuto,13.799999999999999,8.627450980392165,1.5533980582524287,12.511013215859032,7.478260869565215,19.0,1.2069999999999999,72.9
SF,M. Yastrzemski,13.799999999999999,-1.568627450980383,10.097087378640778,11.982378854625551,6.956521739130432,1.0,1.564,72.8
SEA,Mike Ford,13.799999999999999,-1.568627450980383,6.213592233009715,16.211453744493397,2.434782608695645,20.0,1.271,72.2
BAL,James McCann,13.799999999999999,1.5686274509803937,-6.213592233009705,-2.4669603524229196,-1.913043478260881,43.0,1.0939999999999999,71.5
ATL,Marcell Ozuna,35.040000000000006,9.411764705882351,-5.43689320388349,-8.986784140969162,-1.7391304347826102,37.0,1.077,70.3
SD,Manny Machado,33.13,14.117647058823534,-6.990291262135919,-17.97356828193833,-0.521739130434783,37.0,1.191,70.0
LAD,James Outman,13.799999999999999,-0.784313725490186,20.58252427184467,12.687224669603527,5.043478260869559,20.0,1.1560000000000001,69.9
WAS,C.J. Abrams,28.639999999999997,14.117647058823534,-13.203883495145632,-5.638766519823793,-2.434782608695654,48.0,,69.5
CHC,Nico Hoerner,41.959999999999994,7.8431372549019684,-29.90291262135922,-22.202643171806177,0.6956521739130345,73.0,0.974,69.5
ARI,C. Walker,23.519999999999996,3.9215686274509842,2.330097087378643,-2.6431718061674037,-3.304347826086959,58.0,0.847,69.3
WAS,Lane Thomas,53.84,14.90196078431373,-11.650485436893206,10.39647577092511,6.434782608695648,-5.0,,68.9
OAK,Carlos Perez,0.8499999999999996,5.490196078431378,-10.87378640776699,-3.876651982378849,-1.2173913043478368,59.0,1.389,68.6
SD,F. Tatis Jr.,45.58,13.333333333333336,-10.485436893203882,-5.991189427312771,1.7391304347826004,43.0,0.783,68.3
TEX,Adolis Garcia,17.040000000000003,2.352941176470601,-4.271844660194168,13.568281938325994,1.0434782608695565,52.0,0.835,68.2
NYY,F. Cordero,38.36,-2.3529411764705794,-8.15533980582524,35.418502202643175,-6.434782608695658,11.0,,67.8
SEA,Tom Murphy,13.799999999999999,1.088453945710938e-14,4.660194174757286,9.162995594713655,12.869565217391306,15.0,1.146,67.4
TOR,Ernie Clement,13.799999999999999,5.490196078431378,-19.41747572815534,-9.339207048458148,-1.5652173913043492,59.0,0.97,67.1
CHW,Eloy Jimenez,13.799999999999999,3.1372549019607874,-15.533980582524277,-5.814977973568277,-5.3913043478260825,58.0,0.7130000000000001,66.6
TB,Wander Franco,21.160000000000004,3.9215686274509842,-13.203883495145632,-0.8810572687224678,4.347826086956515,51.0,,66.3
PIT,A. McCutchen,13.799999999999999,4.705882352941181,7.3786407766990365,-5.1101321585903134,14.260869565217394,23.0,1.978,66.1
SEA,Jarred Kelenic,13.799999999999999,6.274509803921575,4.271844660194179,16.38766519823789,13.913043478260873,11.0,0.748,65.2
OAK,Zack Gelof,18.0,3.9215686274509842,0.38834951456311795,7.224669603524226,9.565217391304346,10.0,1.328,65.2
CHC,Jared Young,30.66,-4.70588235294117,-15.922330097087372,29.251101321585903,1.7391304347826004,23.0,,64.0
LAA,Shohei Ohtani,25.9,0.7843137254902077,-5.825242718446598,20.26431718061673,2.7826086956521667,51.0,0.664,63.0
MIA,Luis Arraez,28.889999999999997,4.705882352941181,-18.640776699029125,-0.3524229074889871,9.73913043478261,43.0,0.935,63.0
CHC,Edwin Rios,26.28,-1.568627450980383,-19.805825242718434,20.9691629955947,11.999999999999982,25.0,,62.9
PHI,Brandon Marsh,13.799999999999999,8.627450980392165,6.601941747572822,14.096916299559474,6.0869565217391255,10.0,1.054,62.4
TEX,Jonah Heim,14.540000000000003,2.352941176470601,1.1650485436893214,-2.8193832599118966,3.478260869565211,53.0,0.861,61.7
NYM,Jeff McNeil,13.799999999999999,14.90196078431373,-7.378640776699026,-16.563876651982383,8.173913043478258,49.0,0.882,61.0
BAL,Aaron Hicks,13.799999999999999,-2.3529411764705794,10.097087378640778,-10.39647577092511,-11.652173913043478,21.0,1.403,60.6
WAS,Dominic Smith,19.559999999999995,17.25490196078432,-20.582524271844658,-1.4096916299559483,8.695652173913041,36.0,,59.5
TOR,Cavan Biggio,13.799999999999999,0.7843137254902077,1.5533980582524396,12.687224669603527,1.3913043478260785,36.0,1.111,58.7
ATL,Sean Murphy,23.25,5.490196078431378,5.048543689320393,-7.753303964757707,7.999999999999997,19.0,1.097,58.2
PIT,Miguel Andujar,13.799999999999999,7.058823529411772,-12.815533980582527,-14.625550660792957,2.956521739130428,53.0,1.407,56.6
ATL,M. Harris II,16.72,10.196078431372548,-13.592233009708742,-12.158590308370044,-2.434782608695654,53.0,1.0899999999999999,56.4
NYM,F. Lindor,13.799999999999999,6.274509803921575,7.7669902912621325,-8.810572687224669,10.08695652173913,15.0,1.037,56.4
ATL,Marcell Ozuna,4.579999999999998,10.980392156862745,3.106796116504868,-7.40088105726872,-1.217391304347827,42.0,1.077,56.1
PHI,Josh Harrison,13.799999999999999,6.274509803921575,-12.038834951456312,0.5286343612334806,0.8695652173913051,43.0,0.514,56.1
SEA,D. Canzone,13.799999999999999,2.3529411764705905,-14.757281553398052,5.46255506607929,13.217391304347828,26.0,0.886,54.3
TOR,S. Espinal,13.799999999999999,4.705882352941181,-11.262135922330097,-5.286343612334797,0.521739130434783,28.0,1.149,53.2
ATL,Austin Riley,7.280000000000003,7.058823529411772,1.0778864316749093e-14,0.7048458149779742,-0.5217391304347928,32.0,1.142,53.1
SD,Juan Soto,19.209999999999997,8.627450980392165,3.1067961165048574,-11.27753303964758,0.8695652173913051,34.0,0.961,52.4
NYM,D. Vogelbach,13.799999999999999,3.137254901960798,15.922330097087382,1.4096916299559483,-2.434782608695654,32.0,0.806,51.6
TOR,Alejandro Kirk,13.799999999999999,3.1372549019607874,-3.1067961165048468,-3.171806167400884,-2.6086956521739157,33.0,0.997,51.6
TEX,Nathaniel Lowe,20.05,3.9215686274509842,5.825242718446607,-5.286343612334797,7.652173913043476,19.0,,51.2
SD,Rougned Odor,11.850000000000001,12.549019607843139,-6.213592233009705,-12.33480176211454,16.347826086956527,29.0,,51.2
WAS,Luis Garcia,36.92,11.764705882352942,-26.019417475728147,-8.281938325991186,4.521739130434777,32.0,,50.9
SEA,T. Trammell,13.799999999999999,-4.70588235294117,7.766990291262144,27.665198237885463,-1.2173913043478368,10.0,1.146,50.2
CHC,Matt Mervis,40.14,4.705882352941181,-17.087378640776695,10.044052863436121,2.2608695652173836,10.0,,50.1
CHC,Nick Madrigal,47.11,7.8431372549019684,-28.34951456310679,-25.022026431718064,-1.0434782608695758,64.0,0.764,49.3
TOR,Daulton Varsho,13.799999999999999,0.7843137254902077,6.601941747572822,12.687224669603527,-2.6086956521739157,45.0,0.651,47.9
STL,Tyler O'Neill,-6.859999999999999,1.5686274509804046,-0.3883495145630964,3.5242290748898615,1.3913043478260785,32.0,1.533,47.9
SD,Gary Sanchez,42.55,7.8431372549019684,-4.271844660194168,-3.171806167400874,-5.565217391304344,21.0,0.8140000000000001,47.5
TB,Yandy Diaz,16.13,-2.3529411764705794,-6.601941747572813,-0.17621145374449354,1.0434782608695565,33.0,1.1480000000000001,47.1
STL,Lars Nootbaar,28.4,-3.1372549019607767,12.038834951456312,-6.343612334801768,1.0434782608695565,19.0,0.924,47.1
PHI,Kyle Schwarber,13.799999999999999,-7.058823529411761,42.330097087378654,15.330396475770932,-1.3913043478260978,-22.0,1.605,46.5
SD,Ji-Man Choi,4.75,3.9215686274509842,6.99029126213593,3.171806167400874,6.260869565217387,21.0,,46.1
ATL,Austin Riley,17.15,5.490196078431378,-8.543689320388347,-0.8810572687224678,-1.0434782608695758,27.0,1.142,44.7
BAL,Joey Ortiz,13.799999999999999,-7.058823529411761,-14.368932038834956,7.40088105726872,-2.086956521739142,33.0,1.0939999999999999,44.3
HOU,Jose Abreu,13.799999999999999,11.764705882352942,0.0,7.40088105726872,0.6956521739130441,10.0,1.26,43.7
NYM,F. Alvarez,13.799999999999999,3.137254901960798,3.1067961165048574,5.46255506607929,-5.565217391304344,41.0,1.205,42.4
OAK,Ryan Noda,-7.619999999999999,0.7843137254902077,6.601941747572822,10.748898678414097,3.1304347826086887,28.0,1.012,42.1
COL,Nolan Jones,13.799999999999999,2.352941176470601,-5.0485436893203826,10.220264317180616,6.782608695652169,25.0,1.175,39.7
TOR,Matt Chapman,13.799999999999999,0.7843137254902077,6.99029126213593,21.145374449339215,-4.521739130434777,0.0,1.193,39.2
LAA,Mike Trout,9.18,1.5686274509804046,-7.7669902912621325,26.431718061674005,8.52173913043478,1.0,,38.9
OAK,Conner Capel,0.7999999999999999,-3.9215686274509736,4.271844660194179,3.7004405286343642,10.956521739130435,23.0,,38.8
SEA,Cade Marlowe,13.799999999999999,-1.568627450980383,4.271844660194179,32.77533039647577,2.434782608695645,3.0,1.264,38.8
STL,W. Contreras,-1.350000000000002,1.088453945710938e-14,7.7669902912621325,-0.8810572687224776,4.521739130434777,15.0,1.528,38.3
BAL,Colton Cowser,13.799999999999999,-1.568627450980383,-0.7766990291262036,4.229074889867836,-1.73913043478262,26.0,0.955,38.1
SEA,Sam Haggerty,13.799999999999999,2.3529411764705905,-9.320388349514563,7.577092511013213,15.478260869565203,11.0,1.064,38.0
TOR,Tyler Heineman,13.799999999999999,1.088453945710938e-14,-11.650485436893206,2.4669603524229,6.260869565217387,32.0,0.664,37.5
ATL,Sean Murphy,-13.090000000000003,7.058823529411772,13.592233009708742,-6.167400881057264,8.52173913043478,24.0,1.097,37.2
ATL,Eddie Rosario,1.9700000000000006,4.705882352941181,-10.87378640776699,-3.3480176211453774,2.6086956521739055,33.0,1.313,36.8
STL,Nolan Arenado,6.770000000000001,3.137254901960798,-2.330097087378632,-13.568281938325994,-2.956521739130447,48.0,0.9410000000000001,36.7
BAL,R. Mountcastle,13.799999999999999,0.7843137254901968,-12.815533980582527,-11.27753303964758,0.5217391304347734,41.0,0.745,36.2
PHI,Bryson Stott,13.799999999999999,12.549019607843139,1.0778864316749093e-14,0.5286343612334806,2.086956521739123,18.0,1.073,36.0
HOU,Alex Bregman,13.799999999999999,11.764705882352942,7.378640776699026,-5.1101321585903134,4.347826086956515,-17.0,1.267,34.7
CHC,Trey Mancini,23.439999999999998,1.5686274509804046,-18.640776699029125,5.814977973568277,-0.5217391304347928,23.0,,34.7
STL,Jordan Walker,-2.9800000000000013,-0.784313725490186,-5.825242718446598,1.4096916299559386,1.5652173913043397,33.0,1.312,34.6
BAL,Cedric Mullins,13.799999999999999,-0.784313725490186,-3.1067961165048468,-13.392070484581502,-12.347826086956523,45.0,0.955,34.5
LAA,Taylor Ward,22.180000000000003,3.921568627450995,-6.601941747572813,8.986784140969162,7.826086956521737,-2.0,,34.3
NYY,Billy McKinney,6.6000000000000005,3.1372549019607874,13.980582524271847,18.32599118942732,-1.0434782608695758,-7.0,,34.0
CHC,Patrick Wisdom,39.32,-1.568627450980383,-6.213592233009705,8.281938325991186,2.956521739130428,82.0,0.264,32.9
SEA,Dylan Moore,13.799999999999999,-3.9215686274509736,12.038834951456312,18.149779735682827,17.913043478260857,-2.0,0.736,32.9
ARI,Corbin Carroll,8.909999999999998,6.274509803921575,-7.378640776699026,-6.167400881057274,-0.521739130434783,24.0,1.296,32.6
MIA,Jesus Sanchez,-11.600000000000001,-1.568627450980383,6.2135922330097255,23.7885462555066,-3.1304347826086985,10.0,1.37,32.5
PHI,N. Castellanos,13.799999999999999,9.411764705882362,-9.320388349514563,13.568281938325994,6.60869565217391,34.0,0.87,32.4
OAK,Jesus Aguilar,2.0200000000000014,1.088453945710938e-14,-1.1650485436893108,1.0572687224669612,-1.3913043478260883,31.0,,31.5
NYM,Omar Narvaez,13.799999999999999,10.196078431372559,6.213592233009705,-7.9295154185022,7.826086956521737,33.0,0.597,30.3
MIA,Jorge Soler,17.819999999999997,1.5686274509804046,-5.43689320388349,21.674008810572676,-3.304347826086959,7.0,0.764,30.0
PHI,Cristian Pache,13.799999999999999,-2.3529411764705794,-12.427184466019419,17.621145374449345,2.2608695652173836,9.0,0.9390000000000001,29.6
STL,P. Goldschmidt,-5.629999999999999,-0.784313725490186,5.436893203883501,6.167400881057264,7.130434782608692,16.0,1.041,29.5
SD,Nelson Cruz,12.0,13.333333333333336,-14.757281553398062,1.4096916299559386,8.52173913043478,8.0,,28.5
CHC,Eric Hosmer,28.7,2.352941176470601,-14.368932038834942,-8.281938325991186,-4.0000000000000036,24.0,,28.4
SF,Wilmer Flores,13.799999999999999,2.352941176470601,-1.5533980582524178,1.7621145374449356,1.9130434782608614,3.0,1.324,28.0
TEX,Ezequiel Duran,7.079999999999999,9.411764705882351,-13.592233009708742,4.757709251101316,7.826086956521737,19.0,0.81,27.9
CLE,Josh Naylor,-9.499999999999998,4.705882352941192,-20.194174757281555,-18.149779735682827,1.5652173913043397,68.0,1.053,27.8
NYY,Willie Calhoun,17.080000000000002,3.1372549019607874,-7.7669902912621325,-3.171806167400874,-0.6956521739130538,19.0,,27.6
LAD,David Peralta,13.799999999999999,3.9215686274509842,-14.757281553398052,1.5859030837004322,-1.5652173913043492,27.0,0.905,27.3
WAS,Jake Alu,9.479999999999999,15.686274509803926,-21.359223300970864,16.563876651982383,1.2173913043478175,5.0,,26.6
OAK,Brent Rooker,-2.749999999999999,-5.490196078431367,-0.7766990291262036,15.154185022026434,1.2173913043478175,28.0,0.747,26.4
SD,Luis Campusano,17.39,14.117647058823534,-19.805825242718445,-11.629955947136565,4.347826086956515,24.0,0.929,26.4
BAL,Jorge Mateo,13.799999999999999,3.9215686274509842,-1.5533980582524178,-7.753303964757707,-8.173913043478269,22.0,0.87,26.0
ARI,E. Rivera,-11.97,6.274509803921575,-7.7669902912621325,1.2334801762114451,9.73913043478261,33.0,0.847,25.8
SEA,J.P. Crawford,13.799999999999999,1.088453945710938e-14,15.922330097087382,3.7004405286343545,13.565217391304351,-5.0,0.748,24.7
STL,Tommy Edman,15.27,0.7843137254902077,-1.9417475728155251,-13.039647577092513,-2.086956521739142,22.0,1.163,24.4
NYM,Tomas Nido,13.799999999999999,1.5686274509804046,-14.368932038834956,15.506607929515424,7.652173913043476,15.0,0.597,23.9
PHI,Bryce Harper,13.799999999999999,-3.1372549019607767,4.271844660194179,16.916299559471373,7.999999999999997,-6.0,0.762,23.4
NYY,E. Pereira,-2.8900000000000015,-5.490196078431367,-12.815533980582527,49.69162995594713,9.043478260869565,-9.0,0.8160000000000001,23.3
NYM,Ronny Mauricio,13.799999999999999,1.088453945710938e-14,-8.15533980582524,8.986784140969162,4.347826086956515,22.0,0.858,23.3
PIT,Connor Joe,13.799999999999999,1.5686274509804046,-5.43689320388349,-5.814977973568287,9.043478260869565,32.0,0.7,23.1
TB,Brandon Lowe,2.889999999999999,2.352941176470601,-9.70873786407767,12.33480176211454,0.5217391304347734,14.0,,22.4
OAK,Jonah Bride,-1.0699999999999998,0.7843137254902077,12.815533980582527,-4.581497797356823,-4.0000000000000036,38.0,0.514,21.6
SEA,Josh Rojas,13.799999999999999,3.9215686274509842,-1.9417475728155251,5.638766519823784,10.782608695652174,6.0,0.9390000000000001,21.3
STL,B. Donovan,14.42,4.705882352941192,-5.825242718446598,-13.392070484581502,-1.0434782608695758,22.0,,20.9
SEA,Ty France,13.799999999999999,10.196078431372548,-6.213592233009705,-2.9955947136563905,14.782608695652158,-12.0,0.8220000000000001,20.2
NYM,Brett Baty,13.799999999999999,3.137254901960798,-0.3883495145630964,4.405286343612328,8.173913043478258,24.0,0.5800000000000001,19.9
NYY,Josh Donaldson,27.209999999999997,-3.1372549019607767,-1.9417475728155251,20.440528634361243,-10.26086956521739,-13.0,,19.3
WAS,Riley Adams,14.4,11.764705882352942,-18.640776699029125,13.039647577092513,11.65217391304346,-13.0,,19.2
NYY,G. Stanton,10.19,-3.9215686274509736,9.70873786407768,16.38766519823789,-9.391304347826086,3.0,0.737,19.1
CHW,Korey Lee,13.799999999999999,-10.980392156862745,-18.252427184466026,34.889867841409696,-6.782608695652169,16.0,0.914,18.7
SD,Garrett Cooper,13.469999999999999,11.764705882352942,-5.825242718446598,-3.7004405286343545,13.043478260869566,1.0,0.629,18.7
TB,Josh Lowe,2.3400000000000007,-2.3529411764705794,-10.097087378640778,10.748898678414097,5.043478260869559,13.0,,18.7
SD,X. Bogaerts,13.799999999999999,11.764705882352942,-8.543689320388347,-21.145374449339208,-2.7826086956521765,19.0,1.515,18.3
SF,David Villar,13.799999999999999,-7.058823529411761,1.1650485436893323,24.14096916299559,-0.34782608695652206,-14.0,0.847,17.9
CHW,T. Thompson,13.799999999999999,-6.274509803921564,0.7766990291262144,27.312775330396473,-10.434782608695652,18.0,0.486,17.1
NYY,Jake Bauers,18.169999999999998,-3.1372549019607767,13.203883495145632,26.25550660792951,-1.0434782608695758,11.0,0.264,17.0
NYM,Luis Guillorme,13.799999999999999,3.921568627450995,5.048543689320393,-4.933920704845811,9.043478260869565,10.0,0.882,16.8
NYM,Mark Vientos,13.799999999999999,-0.784313725490186,-7.378640776699026,22.907488986784152,-5.3913043478260825,14.0,0.997,16.5
TEX,Sam Huff,14.41,1.088453945710938e-14,-15.922330097087382,28.722466960352417,2.6086956521739055,31.0,0.264,16.1
WAS,C. Dickerson,7.879999999999999,12.549019607843139,-21.74757281553397,-3.3480176211453774,-1.3913043478260978,22.0,,15.9
BAL,Ryan McKenna,13.799999999999999,0.7843137254901968,-13.592233009708742,3.3480176211453676,-7.304347826086964,25.0,0.46399999999999997,15.6
SF,L. Wade Jr,13.799999999999999,-6.274509803921564,0.38834951456311795,13.039647577092513,1.217391304347827,-9.0,1.194,14.9
LAA,Brandon Drury,10.840000000000002,3.137254901960798,-25.631067961165044,18.32599118942732,7.826086956521737,0.0,1.0190000000000001,14.8
TEX,R. Grossman,-6.35,0.7843137254902077,6.213592233009715,1.938325991189429,3.8260869565217335,17.0,0.617,14.4
TB,Jose Siri,-11.26,-5.490196078431367,-22.91262135922329,29.955947136563875,4.521739130434777,20.0,0.965,14.3
TOR,W. Merrifield,13.799999999999999,7.058823529411772,-10.87378640776699,-5.110132158590303,4.695652173913038,23.0,0.399,14.0
ARI,Evan Longoria,2.020000000000001,1.088453945710938e-14,-3.1067961165048468,9.162995594713655,1.217391304347827,10.0,0.714,13.8
CHC,T. Barnhart,16.5,1.088453945710938e-14,-18.640776699029125,-4.93392070484582,4.695652173913038,16.0,,13.6
OAK,Cody Thomas,-1.2600000000000011,-9.411764705882351,-6.601941747572813,36.47577092511013,-7.826086956521737,2.0,,13.4
CHC,M. Mastrobuoni,39.059999999999995,3.137254901960798,-4.271844660194168,-6.343612334801768,-5.04347826086957,24.0,0.264,13.3
BAL,Ramon Urias,13.799999999999999,0.0,-13.203883495145632,-9.867841409691628,-8.695652173913041,22.0,1.46,13.2
PIT,Henry Davis,13.799999999999999,4.705882352941181,-5.825242718446598,-3.876651982378858,2.6086956521739055,11.0,0.653,13.0
LAD,Will Smith,13.799999999999999,3.1372549019607874,-3.883495145631061,-0.8810572687224776,-1.217391304347827,12.0,0.889,12.9
NYM,Danny Mendick,13.799999999999999,3.137254901960798,10.097087378640778,1.233480176211455,2.7826086956521667,13.0,0.806,12.9
NYY,K. Higashioka,24.55,-1.568627450980383,0.38834951456311795,13.744493392070488,-1.2173913043478368,-11.0,0.514,12.8
NYY,Anthony Rizzo,5.04,7.843137254901959,-1.1650485436893108,17.092511013215844,1.5652173913043397,-18.0,,12.4
OAK,Kevin Smith,0.7300000000000004,-0.784313725490186,-17.4757281553398,13.92070484581498,-13.73913043478261,26.0,1.408,12.2
SEA,Cal Raleigh,13.799999999999999,-3.9215686274509736,22.1359223300971,7.9295154185022,11.999999999999982,-45.0,1.323,11.6
LAA,Matt Thaiss,-2.0399999999999983,-3.9215686274509736,5.825242718446607,21.32158590308369,2.6086956521739055,-10.0,0.8200000000000001,11.3
NYY,Oswald Peraza,11.779999999999998,-2.3529411764705794,-18.252427184466015,23.083700440528624,-9.217391304347824,6.0,1.0030000000000001,11.1
OAK,Tyler Wade,1.7699999999999991,1.088453945710938e-14,3.4951456310679756,-4.581497797356823,-3.652173913043482,14.0,,11.0
ARI,Gabriel Moreno,9.32,3.1372549019607874,0.3883495145631072,-7.0484581497797425,0.521739130434783,6.0,0.864,10.6
TB,Rene Pinto,-8.68,-6.274509803921564,-13.203883495145632,24.493392070484575,5.739130434782604,6.0,1.264,10.2
TEX,J.P. Martinez,0.55,-10.196078431372548,-16.310679611650492,49.86784140969163,8.52173913043478,6.0,0.264,10.1
CHW,Lenyn Sosa,13.799999999999999,4.705882352941181,-21.35922330097087,7.40088105726872,0.8695652173913051,10.0,0.7190000000000001,10.0
MIA,Josh Bell,6.939999999999999,-3.1372549019607767,1.0778864316749093e-14,18.502202643171813,-6.086956521739136,-8.0,1.157,9.5
STL,Luken Baker,-20.92,-5.490196078431367,3.883495145631072,19.559471365638757,-0.1739130434782707,11.0,1.193,9.4
HOU,Jon Singleton,13.799999999999999,6.274509803921575,1.1650485436893214,10.572687224669604,-3.652173913043482,4.0,2.2640000000000002,9.2
LAA,C.J. Cron,7.400000000000002,3.137254901960798,-22.91262135922329,13.039647577092513,-0.6956521739130538,9.0,,9.0
TEX,Josh H. Smith,3.2399999999999998,3.9215686274509842,5.436893203883501,3.3480176211453676,-4.521739130434787,3.0,0.617,8.9
MIA,B. De La Cruz,-4.38,1.5686274509804046,-20.970873786407758,20.26431718061673,8.52173913043478,3.0,,8.0
SD,Brandon Dixon,-4.99,4.705882352941181,-11.650485436893206,13.039647577092513,6.782608695652169,0.0,,7.9
PIT,Jason Delay,13.799999999999999,7.058823529411772,-8.15533980582524,-3.3480176211453774,10.782608695652174,11.0,0.597,7.8
NYM,Tim Locastro,13.799999999999999,9.411764705882362,-5.43689320388349,-7.40088105726872,-0.34782608695652206,19.0,0.597,7.4
SF,Joc Pederson,13.799999999999999,1.5686274509804046,3.1067961165048574,2.290748898678416,0.521739130434783,1.0,0.933,7.2
BOS,Triston Casas,13.799999999999999,3.9215686274509842,3.106796116504868,7.224669603524226,3.999999999999994,15.0,0.935,7.0
PIT,Jared Triolo,13.799999999999999,1.5686274509804046,-14.368932038834956,4.933920704845811,9.73913043478261,20.0,0.46399999999999997,6.6
NYY,Anthony Volpe,0.1600000000000006,3.9215686274509842,-3.1067961165048468,11.982378854625551,-1.3913043478260978,-1.0,0.609,6.4
TB,Luke Raley,-1.790000000000001,-5.490196078431367,-13.592233009708742,18.85462555066078,-1.3913043478260978,12.0,0.716,6.2
SD,J. Cronenworth,2.67,16.470588235294123,-11.262135922330097,-23.436123348017624,7.478260869565215,14.0,,5.9
WAS,Jacob Young,14.719999999999999,10.980392156862745,-18.252427184466015,17.268722466960355,-1.913043478260881,-18.0,,4.8
LAA,Mickey Moniak,-3.0,-1.568627450980383,-31.067961165048544,35.06607929515419,12.521739130434785,-8.0,1.187,4.7
WAS,I. Vargas,37.64,12.549019607843139,-23.300970873786397,-8.810572687224669,-2.434782608695654,-11.0,,4.6
CHW,A. Benintendi,13.799999999999999,3.1372549019607874,-10.87378640776699,-10.044052863436121,6.434782608695648,20.0,0.636,4.6
WAS,Joey Meneses,15.760000000000002,14.117647058823534,-14.757281553398062,-0.17621145374450334,-0.5217391304347928,-10.0,,4.4
MIL,W. Contreras,13.799999999999999,0.7843137254902077,-8.543689320388347,13.039647577092513,-7.652173913043476,14.0,0.993,3.6
TEX,T. Jankowski,15.41,-0.784313725490186,-13.980582524271847,-8.458149779735681,-0.5217391304347928,22.0,0.264,3.6
NYM,Rafael Ortega,13.799999999999999,5.490196078431378,10.097087378640778,-4.933920704845811,7.999999999999997,5.0,0.514,3.3
LAD,E. Hernandez,13.799999999999999,5.490196078431378,-1.1650485436893108,-4.052863436123352,-2.2608695652173934,-1.0,1.339,3.0
TB,R. Arozarena,-11.99,3.137254901960798,-11.262135922330097,7.9295154185022,1.2173913043478175,15.0,0.6910000000000001,2.8
MIA,Jazz Chisholm,-16.65,-4.70588235294117,-12.427184466019419,37.885462555066084,-10.26086956521739,8.0,1.291,2.4
STL,Nolan Gorman,4.619999999999997,-9.411764705882351,15.922330097087382,18.85462555066078,7.478260869565215,-36.0,1.443,2.1
PHI,Alec Bohm,13.799999999999999,7.058823529411772,2.718446601941761,-3.171806167400874,2.6086956521739055,15.0,0.921,1.8
SEA,Eugenio Suarez,13.799999999999999,3.1372549019607874,12.427184466019419,11.982378854625551,14.608695652173916,-37.0,0.979,1.6
CLE,Gabriel Arias,-17.77,-7.058823529411761,-12.427184466019419,17.44493392070483,-0.8695652173913051,22.0,0.738,1.0
SD,Matt Carpenter,9.5,4.705882352941181,7.766990291262144,-1.9383259911894193,2.086956521739123,-21.0,0.847,0.9
OAK,Nick Allen,-6.959999999999999,0.7843137254902077,-11.262135922330097,-13.568281938325994,-10.782608695652174,43.0,0.66,0.8
PIT,Alfonso Rivas,13.799999999999999,5.490196078431378,4.660194174757286,1.9383259911894193,3.6521739130434714,-9.0,0.737,0.7
OAK,L. Butler,8.029999999999998,-5.490196078431367,-1.9417475728155251,17.79735682819382,-7.999999999999997,-10.0,1.597,0.6
NYY,DJ LeMahieu,-7.029999999999999,0.7843137254902077,6.213592233009715,7.224669603524226,-7.652173913043486,1.0,0.963,0.5
HOU,Jeremy Pena,13.799999999999999,9.411764705882351,-9.320388349514563,-2.8193832599118966,1.2173913043478175,1.0,1.092,0.4
PIT,C. Smith-Njigba,13.799999999999999,-5.490196078431367,-13.203883495145632,31.541850220264315,7.652173913043476,-14.0,1.229,0.2
NYM,Jonathan Arauz,13.799999999999999,-2.3529411764705794,3.883495145631072,5.991189427312771,-0.8695652173913051,13.0,0.882,0.1
LAD,Miguel Rojas,13.799999999999999,8.627450980392165,-10.87378640776699,-8.810572687224669,0.8695652173912954,-2.0,0.985,-0.8
MIN,Max Kepler,13.799999999999999,3.137254901960798,-3.883495145631061,9.162995594713655,2.7826086956521667,-4.0,0.858,-1.2
NYY,I. Kiner-Falefa,10.57,0.7843137254902077,-0.3883495145630964,3.171806167400874,-9.391304347826086,-6.0,,-1.3
LAA,Brett Phillips,-7.52,-7.058823529411761,-4.271844660194168,40.88105726872246,12.869565217391306,-36.0,1.276,-1.4
OAK,Aledmys Diaz,-14.36,7.843137254901959,-13.980582524271847,-6.696035242290745,-6.608695652173918,32.0,0.793,-1.4
STL,Alec Burleson,15.389999999999999,6.274509803921575,-15.14563106796117,-10.39647577092511,7.999999999999997,-6.0,0.745,-1.4
SD,Ha-seong Kim,8.5,8.627450980392165,-4.660194174757276,-18.8546255506608,7.826086956521737,-4.0,0.794,-2.0
TB,Isaac Paredes,-2.3999999999999977,-1.568627450980383,-10.097087378640778,2.1145374449339127,0.3478260869565124,10.0,1.407,-2.3
WAS,B. Rutherford,1.1600000000000001,5.490196078431378,-20.194174757281555,19.911894273127743,-8.695652173913041,0.0,,-2.3
STL,Andrew Knizner,-1.1900000000000013,-1.568627450980383,-10.485436893203882,-0.17621145374450334,-3.4782608695652204,11.0,0.40700000000000003,-2.4
TEX,Sandy Leon,-6.33,-3.1372549019607767,-0.3883495145630964,22.90748898678413,3.30434782608695,-19.0,,-2.6
ATL,Orlando Arcia,11.01,4.705882352941181,-6.601941747572813,-7.40088105726872,-3.304347826086959,-2.0,0.764,-2.7
CHW,Oscar Colas,13.799999999999999,-3.9215686274509736,-18.252427184466026,13.039647577092513,0.8695652173913051,14.0,0.972,-3.1
LAD,Austin Barnes,13.799999999999999,0.7843137254902077,5.048543689320393,3.876651982378849,-4.173913043478264,-10.0,0.264,-3.6
ARI,Kyle Lewis,-21.169999999999998,-3.1372549019607767,3.883495145631072,16.035242290748904,-4.695652173913038,5.0,,-4.1
LAD,Jonny DeLuca,13.799999999999999,2.352941176470601,-3.4951456310679543,23.25991189427314,-10.08695652173913,-13.0,1.491,-4.5
BOS,Adam Duvall,13.799999999999999,1.5686274509804046,-15.922330097087372,11.27753303964758,0.8695652173912954,22.0,0.597,-4.6
SD,Matthew Batten,8.319999999999999,12.549019607843139,-21.35922330097087,-6.343612334801758,5.3913043478260825,-5.0,0.716,-4.6
LAD,Amed Rosario,13.799999999999999,7.8431372549019684,-14.368932038834942,-4.405286343612339,2.7826086956521667,-5.0,1.0390000000000001,-5.0
MIA,Jake Burger,3.49,-0.784313725490186,-13.203883495145632,24.14096916299559,-5.391304347826092,-13.0,1.097,-5.2
MIN,Royce Lewis,13.799999999999999,0.7843137254902077,-22.524271844660195,17.092511013215844,-1.217391304347827,1.0,1.556,-5.5
PIT,Endy Rodriguez,13.799999999999999,7.058823529411772,-7.378640776699026,-7.0484581497797425,5.739130434782604,-12.0,0.653,-5.5
CHW,Adam Haseley,13.799999999999999,-1.568627450980383,-10.87378640776699,3.5242290748898615,-0.6956521739130441,11.0,0.636,-5.6
KC,V. Pasquantino,-1.0999999999999996,9.411764705882351,1.1650485436893323,-4.229074889867845,7.826086956521737,-19.0,,-5.9
COL,C. Blackmon,13.799999999999999,10.980392156862745,-15.533980582524277,-8.105726872246693,17.913043478260857,11.0,0.7030000000000001,-6.0
LAA,Randal Grichuk,15.880000000000003,1.5686274509804046,-24.46601941747572,10.925110132158592,3.8260869565217335,-13.0,1.141,-6.0
SD,Brett Sullivan,-3.740000000000001,5.490196078431378,-11.262135922330097,4.405286343612328,7.999999999999997,-9.0,,-6.1
CHW,Hanser Alberto,13.799999999999999,4.705882352941181,-24.46601941747573,-5.991189427312771,1.5652173913043397,14.0,1.2349999999999999,-6.6
SF,Austin Slater,13.799999999999999,-3.9215686274509736,5.825242718446607,22.37885462555065,-1.5652173913043492,-37.0,0.264,-6.9
ARI,Jose Herrera,-5.62,-0.784313725490186,0.7766990291262144,0.3524229074889773,1.5652173913043397,-4.0,0.889,-6.9
ATL,Orlando Arcia,-11.780000000000003,6.274509803921575,1.9417475728155467,-5.814977973568277,-2.7826086956521765,3.0,0.764,-7.0
CHW,Clint Frazier,13.799999999999999,-4.70588235294117,8.543689320388347,11.101321585903085,0.8695652173913051,-8.0,1.139,-7.1
OAK,T. Soderstrom,-24.95,-10.980392156862745,-16.31067961165048,38.061674008810556,-7.999999999999997,-5.0,0.264,-7.2
LAD,Michael Busch,13.799999999999999,-1.568627450980383,5.825242718446607,21.674008810572676,-12.521739130434785,-23.0,0.264,-7.2
PIT,Alika Williams,13.799999999999999,3.137254901960798,-17.864077669902922,14.625550660792934,10.956521739130435,-8.0,1.064,-7.3
PIT,Liover Peguero,13.799999999999999,0.7843137254902077,-19.805825242718445,4.405286343612328,-0.6956521739130441,17.0,0.845,-8.4
ARI,Pavin Smith,11.419999999999998,0.7843137254902077,5.048543689320393,-7.9295154185022,1.217391304347827,-24.0,0.639,-8.6
KC,Bobby Witt Jr.,-19.9,0.7843137254902077,6.601941747572822,-1.585903083700442,4.173913043478255,-3.0,0.665,-8.6
SD,Jose Azocar,-5.79,14.117647058823534,-22.9126213592233,-13.039647577092513,4.347826086956515,-10.0,0.264,-8.8
ATL,T. d'Arnaud,-2.56,3.1372549019607874,-10.87378640776699,-2.8193832599118966,-9.654113257610057e-15,3.0,0.9,-9.1
PHI,Jake Cave,13.799999999999999,4.705882352941181,1.0778864316749093e-14,14.801762114537448,-4.173913043478255,-17.0,0.737,-9.9
MIL,Carlos Santana,13.799999999999999,2.3529411764705905,-1.1650485436893108,2.9955947136563905,-3.826086956521743,-5.0,0.793,-10.7
LAD,Miguel Vargas,13.799999999999999,4.705882352941181,1.9417475728155467,8.458149779735681,0.17391304347826103,-23.0,0.985,-11.0
NYM,Starling Marte,13.799999999999999,5.490196078431378,-8.15533980582524,-3.5242290748898712,0.3478260869565124,4.0,0.858,-11.1
HOU,Grae Kessinger,13.799999999999999,-2.3529411764705794,-4.660194174757276,39.11894273127752,-6.0869565217391255,-13.0,1.264,-11.4
LAA,M. Stefanic,-3.0399999999999996,4.705882352941192,-24.854368932038827,10.39647577092511,4.173913043478255,-20.0,0.40700000000000003,-11.6
LAD,Kolten Wong,13.799999999999999,2.352941176470601,3.883495145631072,6.696035242290745,-8.52173913043478,-5.0,0.575,-12.0
PHI,Rodolfo Castro,13.799999999999999,-6.274509803921564,1.0778864316749093e-14,24.84581497797356,-6.782608695652169,-45.0,0.264,-12.0
PIT,Oneil Cruz,13.799999999999999,0.7843137254902077,-6.213592233009705,1.4096916299559386,-0.521739130434783,-12.0,1.407,-12.7
TEX,Brad Miller,-1.5800000000000014,-3.9215686274509736,-5.43689320388349,13.039647577092513,0.8695652173912954,-16.0,,-13.0
SF,Patrick Bailey,13.799999999999999,2.352941176470601,4.660194174757286,18.149779735682827,8.34782608695652,-71.0,0.264,-13.1
LAA,Anthony Rendon,9.72,3.137254901960798,-15.922330097087372,9.339207048458148,4.521739130434777,-24.0,,-13.2
TEX,Austin Hedges,-12.7,4.705882352941181,-18.252427184466015,7.224669603524226,-1.73913043478262,0.0,0.664,-13.8
ATL,Sam Hilliard,-22.26,-3.9215686274509736,6.99029126213593,15.506607929515424,1.3913043478260785,-12.0,,-14.3
PHI,Johan Rojas,13.799999999999999,1.5686274509804046,-16.699029126213585,16.035242290748904,-6.956521739130432,-12.0,0.514,-14.3
OAK,Jordan Diaz,-14.580000000000002,4.705882352941181,-13.592233009708742,1.585903083700442,-0.5217391304347928,4.0,0.793,-14.6
WAS,Carter Kieboom,6.279999999999999,6.274509803921575,-16.699029126213585,15.85903083700441,-6.608695652173918,-20.0,,-14.9
CHW,Zach Remillard,13.799999999999999,-9.411764705882351,-25.631067961165055,36.29955947136564,-3.1304347826086985,-35.0,0.264,-14.9
ATL,T. d'Arnaud,-26.319999999999997,4.705882352941181,-2.330097087378632,-1.233480176211455,0.5217391304347734,8.0,0.9,-15.0
WAS,Stone Garrett,-11.56,10.980392156862745,-16.699029126213585,13.920704845814962,6.0869565217391255,-18.0,,-15.3
CHW,Romy Gonzalez,13.799999999999999,-5.490196078431367,-19.02912621359223,29.427312775330392,-1.217391304347827,-9.0,0.972,-15.5
SD,Trent Grisham,-9.02,4.705882352941181,17.087378640776706,1.5859030837004322,2.434782608695645,-30.0,1.178,-15.6
CHW,Elvis Andrus,13.799999999999999,4.705882352941181,-9.70873786407767,-8.810572687224669,-7.130434782608692,23.0,1.2349999999999999,-15.7
OAK,S. Langeliers,-14.17,2.3529411764705905,-7.378640776699026,-1.4096916299559483,-6.434782608695658,10.0,0.919,-15.7
BOS,Pablo Reyes,13.799999999999999,7.058823529411772,-11.650485436893206,-8.105726872246693,6.956521739130432,22.0,1.033,-15.9
LAA,Logan O'Hoppe,5.779999999999999,-2.3529411764705794,-27.18446601941747,20.616740088105715,2.086956521739123,-11.0,1.329,-16.0
PIT,Josh Palacios,13.799999999999999,5.490196078431378,-11.650485436893206,-3.3480176211453774,1.043478260869566,-6.0,0.6930000000000001,-16.4
LAA,Mike Moustakas,-0.17999999999999972,-1.568627450980383,-21.74757281553397,15.85903083700441,-0.6956521739130538,-15.0,0.7130000000000001,-16.6
HOU,Jake Meyers,13.799999999999999,7.058823529411772,3.1067961165048574,3.7004405286343545,-4.173913043478264,-48.0,0.264,-17.4
MIL,Tyrone Taylor,13.799999999999999,3.9215686274509842,-11.650485436893206,9.515418502202643,-3.652173913043482,-7.0,0.952,-17.5
CHW,Carlos Perez,13.799999999999999,-3.9215686274509736,-15.922330097087382,23.7885462555066,5.217391304347822,-16.0,1.139,-17.6
KC,E. Olivares,-11.1,7.8431372549019684,-8.15533980582524,2.9955947136563807,4.521739130434777,-5.0,1.985,-17.7
SEA,Jose Caballero,13.799999999999999,1.088453945710938e-14,-4.271844660194168,11.45374449339207,7.478260869565215,-66.0,0.264,-17.8
ARI,G. Perdomo,-21.2,4.705882352941181,5.048543689320393,-4.405286343612339,-1.7391304347826102,-5.0,0.802,-18.1
CHW,Y. Grandal,13.799999999999999,-6.274509803921564,2.7184466019417504,3.5242290748898615,2.6086956521739055,-4.0,1.364,-18.2
MIA,Yuli Gurriel,-6.359999999999999,3.921568627450995,-15.533980582524265,11.806167400881058,-8.000000000000007,-10.0,0.764,-18.5
NYY,O. Cabrera,-9.07,0.7843137254902077,-8.932038834951454,8.634361233480174,-8.521739130434788,-17.0,0.546,-18.6
LAA,Kyren Paris,-13.040000000000001,-9.411764705882351,-19.41747572815534,49.515418502202635,-7.304347826086964,-41.0,0.45999999999999996,-18.7
MIA,Dane Myers,-27.169999999999998,-4.70588235294117,-20.582524271844648,32.246696035242294,2.086956521739123,-53.0,0.264,-18.8
PHI,Brandon Marsh,13.799999999999999,2.352941176470601,15.533980582524277,14.801762114537448,7.652173913043476,-41.0,1.054,-19.6
COL,Ryan McMahon,13.799999999999999,5.490196078431378,2.718446601941761,7.753303964757707,5.913043478260866,-35.0,0.512,-19.8
PHI,Trea Turner,13.799999999999999,3.137254901960798,12.038834951456312,13.215859030837008,3.8260869565217335,-3.0,1.488,-20.0
PHI,Josh Harrison,13.799999999999999,1.088453945710938e-14,-3.1067961165048468,1.233480176211455,2.434782608695645,2.0,0.514,-20.5
COL,Harold Castro,13.799999999999999,4.705882352941181,-24.46601941747572,1.0572687224669612,14.434782608695656,-28.0,0.264,-20.8
NYY,Ben Rortvedt,-5.310000000000001,-6.274509803921564,1.5533980582524396,22.555066079295166,-14.608695652173916,-33.0,0.597,-20.9
STL,Oscar Mercado,-14.33,-7.843137254901959,-3.4951456310679543,1.5859030837004322,7.130434782608692,-4.0,,-21.0
LAA,Chad Wallach,-9.260000000000002,-1.568627450980383,-8.543689320388347,28.017621145374445,6.434782608695648,-38.0,0.931,-21.3
BOS,Rafael Devers,13.799999999999999,3.137254901960798,-7.378640776699026,1.9383259911894193,-4.869565217391308,0.0,1.095,-21.5
MIL,Joey Wiemer,13.799999999999999,0.7843137254902077,-8.15533980582524,14.625550660792957,-9.913043478260867,-17.0,0.46399999999999997,-21.5
MIL,Rowdy Tellez,13.799999999999999,-3.1372549019607767,4.271844660194179,7.753303964757707,-2.086956521739132,-20.0,0.46399999999999997,-22.1
TB,C. Bethancourt,-24.790000000000003,-3.1372549019607767,-20.582524271844658,17.44493392070483,-5.391304347826092,-7.0,0.514,-22.3
KC,MJ Melendez,-30.060000000000002,4.705882352941181,13.592233009708742,10.925110132158592,4.521739130434777,-27.0,1.017,-23.7
TB,Harold Ramirez,-6.179999999999999,-2.3529411764705794,-15.922330097087382,2.2907488986784066,-2.9565217391304373,4.0,1.165,-24.6
KC,Nick Pratto,-50.76,-2.3529411764705794,3.4951456310679756,32.951541850220266,15.130434782608681,-92.0,0.264,-24.7
SF,Wade Meckler,13.799999999999999,-11.764705882352942,8.15533980582525,34.889867841409696,6.260869565217387,-62.0,0.55,-24.9
PHI,Garrett Stubbs,13.799999999999999,-1.568627450980383,-2.7184466019417393,12.33480176211454,-5.3913043478260825,-38.0,0.597,-25.2
OAK,Seth Brown,16.520000000000003,3.9215686274509842,-9.320388349514563,-1.233480176211455,-3.304347826086959,-26.0,1.317,-25.6
COL,Kris Bryant,13.799999999999999,8.627450980392165,-17.087378640776695,-10.044052863436121,9.73913043478261,5.0,1.032,-25.7
CLE,Steven Kwan,-10.77,2.352941176470601,-15.922330097087382,-16.74008810572688,5.217391304347822,9.0,0.966,-25.9
CLE,Bo Naylor,-27.95,-3.9215686274509736,4.660194174757286,-2.6431718061674037,-1.217391304347827,6.0,1.053,-26.4
BOS,Reese McGuire,13.799999999999999,3.9215686274509842,-20.194174757281555,4.581497797356823,-1.3913043478260883,-46.0,0.264,-27.7
PHI,Edmundo Sosa,13.799999999999999,8.627450980392165,-10.485436893203882,12.33480176211454,1.3913043478260785,-21.0,1.21,-27.8
PHI,Kody Clemens,13.799999999999999,1.5686274509804046,0.7766990291262251,10.925110132158592,-6.434782608695648,-27.0,0.514,-28.2
ATL,Kevin Pillar,-17.51,7.8431372549019684,-5.825242718446598,1.938325991189429,9.043478260869565,-24.0,,-28.5
WAS,Michael Chavis,-6.800000000000001,8.627450980392165,-14.757281553398062,19.38325991189428,8.34782608695652,-44.0,,-29.2
BOS,Justin Turner,13.799999999999999,14.117647058823534,-5.43689320388349,-5.4625550660793,1.9130434782608614,-2.0,1.0390000000000001,-29.4
HOU,M. Maldonado,13.799999999999999,1.5686274509804046,2.7184466019417504,25.903083700440522,-1.3913043478260883,-23.0,1.04,-29.9
WAS,Victor Robles,5.959999999999999,11.764705882352942,-22.135922330097078,2.8193832599118873,0.5217391304347734,-29.0,,-30.1
MIL,G. Mitchell,13.799999999999999,-1.568627450980383,-13.203883495145632,37.00440528634362,-0.6956521739130441,-17.0,0.793,-30.3
LAA,Nolan Schanuel,-2.8400000000000007,-1.568627450980383,-24.077669902912614,15.506607929515424,1.7391304347826004,-22.0,0.919,-30.5
LAD,Jake Marisnick,13.799999999999999,3.9215686274509842,-8.932038834951454,10.925110132158592,2.086956521739123,-27.0,1.708,-30.6
KC,Samad Taylor,-57.18,-1.568627450980383,2.718446601941761,36.29955947136562,0.3478260869565124,-97.0,0.264,-30.7
LAA,Jake Lamb,-12.839999999999998,2.352941176470601,-14.757281553398052,29.779735682819382,6.782608695652169,-42.0,,-30.7
SF,Joey Bart,13.799999999999999,-2.3529411764705794,-5.0485436893203826,19.73568281938327,-9.391304347826086,-55.0,0.375,-31.5
SF,Thairo Estrada,13.799999999999999,0.7843137254902077,-8.543689320388347,5.638766519823784,2.434782608695645,-21.0,0.788,-31.7
BOS,M. Yoshida,13.799999999999999,11.764705882352942,-17.087378640776695,-6.519823788546262,-5.2173913043478315,14.0,1.033,-32.6
PHI,J.T. Realmuto,13.799999999999999,2.352941176470601,10.485436893203882,13.215859030837008,9.043478260869565,-22.0,1.2069999999999999,-32.9
CHW,Gavin Sheets,13.799999999999999,-4.70588235294117,2.7184466019417504,-2.6431718061674037,-4.521739130434777,0.0,1.2349999999999999,-32.9
ATL,Nicky Lopez,-39.81,-0.784313725490186,-2.7184466019417393,-9.339207048458148,-0.1739130434782707,-41.0,0.355,-33.3
COL,Ezequiel Tovar,13.799999999999999,6.274509803921575,-27.18446601941747,4.757709251101316,10.956521739130435,-2.0,0.646,-33.4
SF,Mitch Haniger,13.799999999999999,-1.568627450980383,11.650485436893206,18.149779735682827,-2.434782608695654,-60.0,0.931,-33.4
ARI,Jake McCarthy,-31.370000000000005,1.5686274509803937,-5.825242718446598,-6.519823788546262,-2.6086956521739157,11.0,,-33.8
PHI,Rodolfo Castro,13.799999999999999,-12.549019607843139,8.932038834951465,25.550660792951536,-5.2173913043478315,-86.0,0.264,-33.9
ATL,Ozzie Albies,-3.83,1.5686274509804046,-12.038834951456312,-8.281938325991186,-2.9565217391304373,-16.0,0.8220000000000001,-34.1
SF,M. Conforto,13.799999999999999,-4.70588235294117,9.70873786407767,9.515418502202643,-3.826086956521743,-22.0,1.629,-34.7
BOS,Alex Verdugo,13.799999999999999,3.9215686274509842,-8.932038834951454,-4.229074889867845,1.3913043478260785,-8.0,0.668,-35.2
ARI,D. Fletcher,-12.239999999999998,3.1372549019607874,-10.87378640776699,7.9295154185022,-2.2608695652173934,-21.0,,-35.3
KC,Salvador Perez,-29.900000000000002,7.058823529411772,-12.427184466019419,8.634361233480174,5.565217391304344,-26.0,0.752,-35.4
MIA,Xavier Edwards,-23.299999999999997,1.088453945710938e-14,-17.4757281553398,31.189427312775333,-7.130434782608702,-33.0,0.7190000000000001,-35.7
OAK,Tony Kemp,-16.200000000000003,3.1372549019607874,-15.922330097087372,-14.977973568281943,-1.5652173913043492,-2.0,0.76,-36.1
CLE,Jose Ramirez,-20.86,1.088453945710938e-14,-9.70873786407767,-15.506607929515424,1.3913043478260785,13.0,1.149,-36.4
ATL,Kevin Pillar,-8.24,6.274509803921575,-14.368932038834956,0.3524229074889871,8.52173913043478,-29.0,,-36.5
TB,O. Basabe,-23.08,-7.843137254901959,-26.79611650485436,23.083700440528624,-10.08695652173913,-15.0,0.611,-36.5
MIN,Alex Kirilloff,13.799999999999999,0.7843137254902077,-15.922330097087382,23.25991189427314,14.260869565217394,-34.0,0.797,-36.6
LAA,Luis Rengifo,7.56,1.088453945710938e-14,-17.4757281553398,3.5242290748898615,-6.260869565217397,-13.0,1.431,-36.7
PHI,N. Castellanos,13.799999999999999,3.137254901960798,-0.3883495145630964,14.273127753303967,8.173913043478258,-7.0,0.87,-36.7
MIA,Nick Fortes,-18.74,1.5686274509804046,-21.359223300970864,10.572687224669604,-11.478260869565219,-55.0,0.389,-36.7
KC,Matt Beaty,-52.82,4.705882352941181,-8.543689320388347,-1.0572687224669612,0.8695652173912954,-82.0,0.264,-36.7
HOU,Yainer Diaz,13.799999999999999,7.8431372549019684,-2.330097087378632,-0.8810572687224678,-0.17391304347826103,-48.0,1.264,-36.8
MIL,C. Yelich,13.799999999999999,-3.1372549019607767,-10.485436893203882,14.625550660792957,-4.6956521739130475,-30.0,0.764,-37.0
ARI,Nick Ahmed,-3.9099999999999997,3.9215686274509842,-14.757281553398062,4.052863436123341,5.217391304347822,-32.0,,-37.5
MIA,Joey Wendle,-11.649999999999999,2.352941176470601,-18.252427184466015,11.27753303964758,-8.695652173913041,-10.0,1.097,-38.4
WAS,Alex Call,-1.1199999999999992,10.196078431372548,0.7766990291262251,-1.233480176211455,-2.2608695652174027,-45.0,,-38.6
ARI,Jace Peterson,-16.21,-0.784313725490186,-3.1067961165048468,3.7004405286343545,6.0869565217391255,-18.0,1.364,-38.6
COL,Hunter Goodman,13.799999999999999,1.088453945710938e-14,-20.194174757281555,9.867841409691628,11.826086956521742,-14.0,1.032,-39.0
STL,R. Palacios,-9.100000000000001,-3.9215686274509736,9.320388349514563,-5.814977973568287,0.3478260869565124,-33.0,0.925,-39.0
ATL,Sam Hilliard,-17.849999999999998,-5.490196078431367,-1.5533980582524178,13.920704845814962,0.8695652173912954,-30.0,,-40.1
LAA,Trey Cabbage,-11.5,-14.901960784313719,-33.78640776699029,62.37885462555067,-11.130434782608695,-42.0,0.797,-40.6
SD,Austin Nola,4.889999999999999,7.8431372549019684,-3.1067961165048468,-14.977973568281943,5.3913043478260825,-41.0,,-41.0
ATL,Nicky Lopez,-31.630000000000003,-2.3529411764705794,-11.262135922330097,-10.925110132158592,-0.6956521739130538,-59.0,0.355,-41.1
TB,Manuel Margot,-7.0600000000000005,-2.3529411764705794,-22.91262135922329,1.585903083700442,-2.6086956521739157,-8.0,,-41.3
LAA,Gio Urshela,-10.439999999999998,9.411764705882362,-24.46601941747572,4.052863436123341,6.0869565217391255,-26.0,,-41.4
MIA,Peyton Burdick,-27.62,-7.058823529411761,-15.922330097087372,46.51982378854625,-0.8695652173913149,-37.0,,-42.0
BOS,Trevor Story,13.799999999999999,4.705882352941181,-18.252427184466015,15.154185022026434,9.217391304347824,-15.0,0.83,-43.7
ARI,Alek Thomas,-12.829999999999998,2.3529411764705905,-13.592233009708742,-2.9955947136563905,-0.6956521739130441,-32.0,0.732,-43.7
SF,B. Crawford,13.799999999999999,-3.1372549019607767,0.38834951456311795,20.26431718061673,-0.8695652173913051,-51.0,0.903,-43.7
STL,Masyn Winn,-24.520000000000003,-0.784313725490186,-11.262135922330097,4.052863436123341,-11.304347826086957,-21.0,0.6759999999999999,-43.8
ATL,Ozzie Albies,-32.95,3.137254901960798,-3.4951456310679543,-6.696035242290745,-2.434782608695654,-11.0,0.8220000000000001,-43.9
SF,A.J. Pollock,13.799999999999999,1.088453945710938e-14,-6.601941747572813,9.515418502202643,-7.826086956521737,-28.0,0.8220000000000001,-43.9
MIA,Jon Berti,-26.229999999999997,2.352941176470601,-14.757281553398052,11.27753303964758,-3.1304347826086985,-46.0,0.575,-44.0
HOU,Bligh Madris,13.799999999999999,1.5686274509804046,-1.5533980582524178,15.154185022026434,-7.652173913043476,-29.0,1.267,-44.1
CLE,Kole Calhoun,-41.72,-3.9215686274509736,-3.1067961165048468,3.5242290748898712,0.8695652173912954,-39.0,0.534,-44.5
TB,Curtis Mead,-22.819999999999997,-3.9215686274509736,-24.854368932038827,22.202643171806177,-4.347826086956526,-11.0,,-44.7
STL,Juan Yepez,-11.580000000000005,-2.3529411764705794,-7.7669902912621325,-2.1145374449339323,5.3913043478260825,-27.0,,-45.4
PIT,T. Marcano,13.799999999999999,10.196078431372559,-17.087378640776706,-18.32599118942732,5.565217391304344,-20.0,1.407,-45.4
LAA,E. Escobar,-8.399999999999999,1.088453945710938e-14,-12.815533980582527,19.030837004405296,3.30434782608695,-49.0,0.952,-45.6
KC,N. Velazquez,-31.640000000000004,-1.568627450980383,-0.7766990291262036,21.145374449339215,5.217391304347822,-29.0,1.264,-46.3
MIA,J. Stallings,-20.43,-0.784313725490186,-7.378640776699026,18.32599118942732,-9.217391304347824,-20.0,1.177,-46.5
WAS,Derek Hill,-1.08,4.705882352941181,-16.31067961165048,8.986784140969162,-4.0000000000000036,-39.0,,-46.7
PIT,Nick Gonzales,13.799999999999999,-2.3529411764705794,-16.6990291262136,12.33480176211454,-0.8695652173913051,-10.0,1.407,-47.3
OAK,Esteury Ruiz,-11.95,2.3529411764705905,-13.203883495145632,-3.171806167400884,-7.999999999999997,-6.0,1.193,-47.7
BOS,Wilyer Abreu,13.799999999999999,1.088453945710938e-14,-6.990291262135919,25.374449339207043,5.043478260869559,-27.0,1.1760000000000002,-48.1
OAK,JJ Bleday,-24.69,-3.1372549019607767,6.213592233009715,2.8193832599118966,-3.652173913043482,-26.0,,-48.4
STL,Dylan Carlson,-28.450000000000003,1.5686274509804046,3.883495145631072,-6.872246696035248,4.695652173913038,-24.0,,-49.2
BOS,Luis Urias,13.799999999999999,2.352941176470601,-14.368932038834956,7.577092511013213,-11.652173913043478,-17.0,0.597,-49.5
MIA,G. Hampson,-22.97,0.7843137254902077,-15.145631067961157,30.484581497797354,5.3913043478260825,-32.0,1.491,-49.9
MIL,Jesse Winker,13.799999999999999,-2.3529411764705794,2.330097087378643,19.030837004405296,-1.217391304347827,-20.0,0.793,-50.2
PHI,Cristian Pache,13.799999999999999,-8.627450980392155,-3.4951456310679543,18.32599118942732,3.8260869565217335,-32.0,0.9390000000000001,-50.3
LAA,Jared Walsh,-15.32,-5.490196078431367,-19.02912621359223,38.23788546255507,1.2173913043478175,-50.0,,-50.4
KC,Kyle Isbel,-36.24,5.490196078431378,-10.485436893203882,1.0572687224669515,3.999999999999994,-62.0,0.514,-50.5
COL,Alan Trejo,13.799999999999999,9.411764705882362,-12.427184466019419,-6.696035242290745,20.521739130434792,-41.0,0.664,-51.0
LAA,Zach Neto,-13.000000000000002,2.352941176470601,-26.407766990291254,17.621145374449345,0.17391304347825137,-32.0,,-51.3
BOS,Rob Refsnyder,13.799999999999999,1.5686274509804046,-3.883495145631061,7.224669603524226,12.521739130434785,-32.0,0.797,-51.5
CLE,Myles Straw,-44.19,3.137254901960798,-16.6990291262136,-12.158590308370044,-0.521739130434783,-62.0,0.393,-52.0
PHI,Johan Rojas,13.799999999999999,-4.70588235294117,-7.7669902912621325,16.74008810572688,-5.391304347826092,-53.0,0.514,-52.1
TB,Vidal Brujan,-18.890000000000004,-5.490196078431367,-13.980582524271847,8.458149779735681,-7.826086956521737,-27.0,0.806,-52.2
MIN,Donovan Solano,13.799999999999999,2.352941176470601,-9.320388349514563,19.20704845814977,12.521739130434785,-55.0,1.0430000000000001,-52.8
SF,Bryce Johnson,13.799999999999999,-14.90196078431373,-11.262135922330097,36.47577092511013,-11.304347826086957,-34.0,1.085,-53.8
COL,B. Rodgers,13.799999999999999,3.921568627450995,-20.970873786407765,-4.933920704845811,7.130434782608692,-24.0,0.85,-54.9
NYY,Jose Trevino,-12.76,-1.568627450980383,-17.86407766990291,0.8810572687224678,-0.8695652173913149,-23.0,,-55.2
STL,Taylor Motter,-34.68,-3.1372549019607767,-5.825242718446598,9.691629955947135,-3.826086956521743,-18.0,,-55.8
TB,Taylor Walls,-31.27,-7.058823529411761,-9.320388349514563,18.502202643171795,2.2608695652173836,-38.0,0.87,-56.5
SF,Brett Wisely,13.799999999999999,-9.411764705882351,8.15533980582525,30.660792951541847,4.347826086956515,-63.0,1.085,-56.7
PHI,Darick Hall,13.799999999999999,2.352941176470601,-11.650485436893206,19.73568281938327,0.8695652173913051,-48.0,0.9390000000000001,-57.2
SF,Blake Sabol,13.799999999999999,-7.058823529411761,5.048543689320393,23.25991189427314,-1.043478260869566,-44.0,1.085,-58.7
CHW,Tim Anderson,13.799999999999999,-2.3529411764705794,-17.864077669902922,4.405286343612328,1.043478260869566,-29.0,0.752,-58.8
CLE,David Fry,-35.260000000000005,2.352941176470601,-20.970873786407765,9.339207048458148,6.956521739130432,-25.0,0.972,-60.8
SF,Heliot Ramos,13.799999999999999,-10.980392156862745,-10.097087378640778,42.64317180616739,3.999999999999994,-48.0,0.847,-60.9
SF,Mark Mathias,13.799999999999999,-7.843137254901959,3.1067961165048574,22.73127753303964,-0.521739130434783,-50.0,1.564,-61.5
BOS,Jarren Duran,13.799999999999999,10.980392156862745,-20.970873786407765,2.4669603524229,-1.3913043478260883,-24.0,1.301,-62.1
BOS,Connor Wong,13.799999999999999,2.352941176470601,-9.70873786407767,14.801762114537448,0.3478260869565124,-2.0,1.391,-62.8
MIL,Darin Ruf,13.799999999999999,-3.9215686274509736,8.15533980582525,18.149779735682806,-9.654113257610057e-15,-50.0,0.793,-62.8
PHI,Bryson Stott,13.799999999999999,6.274509803921575,8.932038834951465,1.233480176211455,3.6521739130434714,-33.0,1.073,-63.3
BOS,Yu Chang,13.799999999999999,3.137254901960798,-24.46601941747572,14.44933920704846,-4.0000000000000036,-14.0,1.1760000000000002,-64.7
MIN,Kyle Garlick,13.799999999999999,-3.9215686274509736,-12.815533980582527,33.656387665198245,-4.173913043478264,-40.0,1.764,-65.0
MIA,Jonathan Davis,-31.54,-4.70588235294117,-3.883495145631061,30.308370044052865,-5.2173913043478315,-50.0,,-65.0
CLE,Will Brennan,-33.07,0.7843137254902077,-19.41747572815534,-18.678414096916306,4.869565217391299,16.0,1.317,-65.2
MIN,Trevor Larnach,13.799999999999999,-6.274509803921564,-2.7184466019417393,31.894273127753298,5.913043478260866,-51.0,0.9490000000000001,-65.2
MIL,Brice Turang,13.799999999999999,3.9215686274509842,-4.271844660194168,3.171806167400884,2.434782608695645,-36.0,0.875,-65.2
BOS,E. Valdez,13.799999999999999,3.9215686274509842,-7.7669902912621325,11.45374449339207,-2.7826086956521765,-26.0,1.301,-65.7
MIA,Avisail Garcia,-18.86,-5.490196078431367,-17.86407766990291,33.480176211453745,-8.173913043478269,-49.0,,-65.9
MIN,Jorge Polanco,13.799999999999999,1.088453945710938e-14,-8.932038834951454,16.916299559471373,3.30434782608695,-41.0,1.1480000000000001,-66.7
COL,Coco Montes,13.799999999999999,-3.1372549019607767,-28.34951456310679,30.484581497797354,13.565217391304351,-37.0,0.7030000000000001,-67.7
HOU,David Hensley,13.799999999999999,-6.274509803921564,4.660194174757286,30.132158590308364,-4.521739130434777,-51.0,1.5,-67.8
BOS,Jorge Alfaro,13.799999999999999,2.352941176470601,-26.407766990291254,23.612334801762106,-8.34782608695652,-22.0,1.301,-68.1
PIT,Jack Suwinski,13.799999999999999,-2.3529411764705794,6.601941747572822,2.4669603524229,3.6521739130434714,-62.0,1.2309999999999999,-70.2
SF,Paul DeJong,13.799999999999999,-10.196078431372548,-16.699029126213585,26.25550660792951,-1.5652173913043492,-37.0,1.181,-70.5
MIN,Matt Wallner,13.799999999999999,-11.764705882352942,-12.038834951456312,47.40088105726872,-4.0000000000000036,-57.0,1.017,-71.8
MIL,Sal Frelick,13.799999999999999,-0.784313725490186,-9.320388349514563,6.696035242290745,-6.0869565217391255,-11.0,1.32,-71.8
ATL,Vaughn Grissom,-36.010000000000005,5.490196078431378,-10.485436893203882,-0.8810572687224678,-4.347826086956526,-26.0,,-72.2
MIN,Edouard Julien,13.799999999999999,-4.70588235294117,5.43689320388349,24.66960352422909,-0.6956521739130441,-67.0,0.878,-72.2
KC,Maikel Garcia,-38.28,7.8431372549019684,-2.7184466019417393,0.881057268722458,7.652173913043476,-60.0,0.862,-72.9
MIN,Carlos Correa,13.799999999999999,5.490196078431378,-22.524271844660195,12.33480176211454,-1.043478260869566,-34.0,1.407,-72.9
COL,Michael Toglia,13.799999999999999,5.490196078431378,-15.14563106796117,11.806167400881058,11.826086956521742,-60.0,1.032,-74.4
CLE,Brayan Rocchio,-40.46,-10.196078431372548,-23.30097087378641,34.36123348017622,-3.4782608695652204,-32.0,,-75.1
COL,Elias Diaz,13.799999999999999,9.411764705882362,-17.86407766990291,-0.7048458149779742,7.304347826086953,-25.0,1.146,-75.2
LAA,David Fletcher,-15.48,-3.1372549019607767,-29.514563106796114,-0.35242290748899685,-1.913043478260881,-25.0,,-75.4
ATL,Vaughn Grissom,-22.11,3.9215686274509842,-19.02912621359223,-2.46696035242291,-4.869565217391308,-31.0,,-75.6
HOU,Mauricio Dubon,13.799999999999999,8.627450980392165,-12.427184466019419,-6.872246696035238,5.739130434782604,-23.0,1.294,-76.6
PHI,Garrett Stubbs,13.799999999999999,-7.843137254901959,6.213592233009715,13.039647577092513,-3.826086956521743,-89.0,0.597,-77.2
PHI,Jake Cave,13.799999999999999,-1.568627450980383,8.932038834951465,15.506607929515424,-2.6086956521739157,-68.0,0.737,-77.6
MIL,Owen Miller,13.799999999999999,5.490196078431378,-8.543689320388347,5.638766519823784,-0.8695652173913051,-76.0,0.764,-78.2
MIL,A. Monasterio,13.799999999999999,0.7843137254902077,2.330097087378643,10.748898678414097,7.304347826086953,-59.0,1.079,-79.7
PIT,Ji-hwan Bae,13.799999999999999,10.980392156862745,-5.825242718446598,-5.4625550660793,1.043478260869566,-47.0,0.9480000000000001,-79.8
CLE,Tyler Freeman,-34.79,1.088453945710938e-14,-9.320388349514563,-8.634361233480174,3.1304347826086887,-24.0,1.085,-79.9
CLE,Cam Gallagher,-51.629999999999995,-2.3529411764705794,-17.864077669902922,5.286343612334797,-14.608695652173916,-65.0,0.55,-80.4
MIN,Nick Gordon,13.799999999999999,-3.1372549019607767,-23.689320388349515,22.026431718061666,-2.086956521739132,-40.0,0.858,-81.6
ARI,Seby Zavala,-41.290000000000006,-4.70588235294117,-0.7766990291262144,23.436123348017613,-3.4782608695652204,-55.0,,-81.8
LAA,A. Velazquez,-18.759999999999998,-7.843137254901959,-22.524271844660188,40.52863436123347,-3.304347826086959,-70.0,,-81.9
SF,J.D. Davis,13.799999999999999,-6.274509803921564,-3.4951456310679543,28.722466960352417,4.869565217391299,-61.0,1.477,-83.2
MIL,V. Caratini,13.799999999999999,1.088453945710938e-14,-12.038834951456312,4.052863436123352,-9.043478260869565,-46.0,1.2349999999999999,-83.3
MIL,Blake Perkins,13.799999999999999,-7.843137254901959,-8.15533980582524,32.246696035242294,-6.0869565217391255,-49.0,1.079,-86.9
MIN,Byron Buxton,13.799999999999999,-6.274509803921564,-10.485436893203882,30.660792951541847,-6.782608695652169,-54.0,0.797,-87.0
MIL,Raimel Tapia,13.799999999999999,3.9215686274509842,-9.70873786407767,11.982378854625551,-6.782608695652169,-50.0,0.764,-87.7
CLE,Ramon Laureano,-44.879999999999995,1.5686274509804046,-10.87378640776699,3.7004405286343642,1.2173913043478175,-41.0,0.974,-87.9
MIL,Luke Voit,13.799999999999999,-0.784313725490186,-13.980582524271847,30.484581497797354,5.739130434782604,-78.0,0.46399999999999997,-90.1
TB,J. Aranda,-25.900000000000002,-5.490196078431367,-12.038834951456312,27.488986784140963,-10.08695652173913,-39.0,1.409,-91.6
KC,Drew Waters,-47.48,3.1372549019607874,6.601941747572822,10.572687224669604,5.565217391304344,-55.0,1.201,-92.0
MIL,M. Brosseau,13.799999999999999,-3.1372549019607767,-2.330097087378632,21.32158590308369,-5.2173913043478315,-69.0,0.46399999999999997,-92.5
BOS,C. Arroyo,13.799999999999999,6.274509803921575,-19.805825242718445,-0.8810572687224776,0.3478260869565124,-24.0,0.668,-92.7
KC,Dairon Blanco,-34.86,6.274509803921575,-6.601941747572813,20.088105726872257,1.9130434782608614,-57.0,1.353,-95.0
COL,Yonathan Daza,13.799999999999999,2.352941176470601,-28.34951456310679,-8.458149779735681,0.8695652173913051,-24.0,0.512,-96.7
HOU,Corey Julks,13.799999999999999,4.705882352941181,8.543689320388347,-1.233480176211455,-0.8695652173913051,-82.0,1.5,-97.2
TB,F. Mejia,-33.150000000000006,0.7843137254902077,-26.019417475728147,5.814977973568277,4.347826086956515,-49.0,,-97.2
KC,Hunter Dozier,-40.24,0.7843137254902077,0.38834951456311795,13.392070484581502,0.3478260869565124,-73.0,,-98.3
SF,Casey Schmitt,13.799999999999999,-5.490196078431367,-10.87378640776699,15.506607929515424,-2.6086956521739157,-87.0,0.847,-98.8
SD,J. Profar,-21.869999999999997,12.549019607843139,5.825242718446607,-17.268722466960355,7.826086956521737,-23.0,2.7640000000000002,-99.3
KC,Freddy Fermin,-51.8,6.274509803921575,1.1650485436893323,1.7621145374449256,6.60869565217391,-73.0,0.921,-100.4
COL,E. Montero,13.799999999999999,3.137254901960798,-19.02912621359223,10.748898678414097,6.956521739130432,-41.0,1.044,-100.7
MIN,M. A. Taylor,13.799999999999999,3.137254901960798,-18.252427184466026,25.726872246696033,-5.2173913043478315,-74.0,1.764,-103.0
CLE,Andres Gimenez,-48.82,-3.1372549019607767,-11.650485436893206,-2.6431718061674037,-3.826086956521743,-23.0,1.113,-103.6
MIL,Willy Adames,13.799999999999999,0.7843137254902077,1.0778864316749093e-14,11.629955947136565,4.521739130434777,-75.0,1.2469999999999999,-104.6
CLE,Oscar Gonzalez,-47.26,0.7843137254902077,-21.35922330097087,-0.5286343612334806,-2.2608695652173934,-36.0,,-106.6
MIN,Ryan Jeffers,13.799999999999999,-3.9215686274509736,-20.194174757281555,29.955947136563875,-3.4782608695652204,-70.0,0.9490000000000001,-106.8
KC,Michael Massey,-48.5,6.274509803921575,-5.0485436893203826,-2.290748898678416,3.30434782608695,-59.0,1.025,-107.9
PHI,Edmundo Sosa,13.799999999999999,2.352941176470601,-1.5533980582524178,13.039647577092513,2.956521739130428,-62.0,1.21,-110.4
BOS,David Hamilton,13.799999999999999,-3.1372549019607767,-6.990291262135919,26.07929515418502,-15.30434782608696,-70.0,1.391,-111.2
CLE,Eric Haase,-63.8,0.7843137254902077,-11.650485436893206,6.696035242290745,0.5217391304347734,-44.0,,-111.4
CLE,Mike Zunino,-45.019999999999996,-8.627450980392155,-5.825242718446598,22.73127753303964,-6.956521739130432,-68.0,,-111.7
SF,Luis Matos,13.799999999999999,-3.1372549019607767,-5.825242718446598,1.0572687224669612,6.260869565217387,-42.0,1.629,-112.2
KC,Nate Eaton,-53.82,-3.1372549019607767,-4.271844660194168,16.211453744493397,8.869565217391303,-80.0,,-116.1
MIN,C. Vazquez,13.799999999999999,1.5686274509804046,-24.854368932038838,17.44493392070483,5.913043478260866,-80.0,1.026,-116.3
MIL,Brian Anderson,13.799999999999999,-3.1372549019607767,-8.15533980582524,27.136563876651998,-0.6956521739130441,-89.0,1.079,-117.2
KC,Franmil Reyes,-48.48000000000001,1.088453945710938e-14,-3.1067961165048468,17.268722466960355,0.6956521739130345,-90.0,,-123.6
MIL,Mark Canha,13.799999999999999,13.333333333333336,-8.932038834951454,8.105726872246693,-1.3913043478260883,-62.0,1.374,-125.1
MIN,Jose Miranda,13.799999999999999,-1.568627450980383,-26.79611650485436,14.273127753303967,-2.434782608695654,-73.0,1.1480000000000001,-125.4
PHI,Kody Clemens,13.799999999999999,-4.70588235294117,9.70873786407768,11.629955947136565,-4.869565217391308,-78.0,0.514,-127.5
COL,Brenton Doyle,13.799999999999999,-0.784313725490186,-17.4757281553398,17.44493392070483,4.869565217391299,-90.0,0.931,-131.3
MIN,Kyle Farmer,13.799999999999999,0.7843137254902077,-20.582524271844658,17.97356828193833,4.695652173913038,-46.0,1.764,-132.4
COL,Austin Wynns,13.799999999999999,3.921568627450995,-15.922330097087372,7.224669603524226,8.695652173913041,-50.0,1.389,-132.5
MIA,Jean Segura,-43.74999999999999,-3.9215686274509736,-19.805825242718445,8.458149779735681,-8.869565217391303,-66.0,,-133.9
KC,Matt Duffy,-59.739999999999995,1.5686274509804046,-5.825242718446598,2.2907488986784066,4.347826086956515,-89.0,0.931,-136.3
KC,Bubba Thompson,-58.120000000000005,-3.9215686274509736,-10.097087378640778,24.66960352422909,-9.043478260869565,-83.0,,-139.5
KC,J. Bradley Jr.,-55.7,-0.784313725490186,-6.213592233009705,14.273127753303948,-2.434782608695654,-91.0,,-141.9
PHI,Darick Hall,13.799999999999999,-3.9215686274509736,-2.7184466019417393,20.440528634361243,2.434782608695645,-99.0,0.9390000000000001,-149.6
MIN,Jordan Luplow,13.799999999999999,-7.843137254901959,-8.15533980582524,24.493392070484575,-10.782608695652174,-78.0,1.335,-174.0
MIN,Willi Castro,13.799999999999999,7.8431372549019684,-17.475728155339812,14.801762114537448,3.30434782608695,-79.0,1.553,-189.7
MIN,Joey Gallo,13.799999999999999,-15.686274509803917,-0.7766990291262036,46.87224669603523,-12.347826086956523,-104.0,1.664,-230.1
